am,hp > 200,n,prop
0,FALSE,14,0.7368421052631579
0,TRUE,5,0.2631578947368421
1,FALSE,11,0.8461538461538461
1,TRUE,2,0.15384615384615385
